"estimand","estimate","lower","upper"
"ATE",-240.365263146191,-222.515439033991,0.120917194658031
